InstanceID,h*(s),h(s),h*/h
1.0,-1.0,41.0,-0.024390243902439025,
2.0,-1.0,43.0,-0.023255813953488372,
3.0,-1.0,41.0,-0.024390243902439025,
